time_sec,value
0,207.129084
0.127029,207.129084
0.254058,207.129084
0.381087,207.129084
0.508116,-1
0.635145,-1
0.762174,-1
0.889203,-1
1.016231,139.898232
1.14326,139.898232
1.270289,139.898232
1.397318,139.898232
1.524347,139.898232
1.651376,139.898232
1.778405,139.898232
1.905434,139.898232
2.032463,139.898232
2.159492,139.898232
2.794637,142.854847
2.921665,142.897697
3.048694,142.940546
3.175723,142.983396
3.302752,142.983396
3.429781,142.983396
3.55681,142.983396
3.683839,142.983396
3.810868,142.983396
3.937897,142.983396
4.064926,142.983396
4.191955,142.811998
4.318984,142.811998
4.446013,142.726299
5.335215,-1
5.462244,-1
5.589273,-1
5.716302,-1
5.843331,-1
5.97036,-1
6.097389,-1
6.224418,-1
6.351447,-1
6.478476,-1
6.605505,-1
6.732534,-1
6.986591,143.668988
7.11362,143.668988
7.240649,143.711837
7.367678,143.754687
7.494707,143.754687
7.621736,143.754687
7.748765,143.754687
7.875794,143.754687
8.002823,143.754687
8.129852,143.754687
8.256881,143.069095
8.38391,143.069095
8.510939,142.040707
8.637968,142.040707
8.764996,142.040707
8.892025,142.469202
9.019054,142.512051
9.146083,142.512051
9.273112,142.512051
9.400141,142.512051
9.52717,142.512051
9.654199,142.512051
9.781228,142.512051
9.908257,142.512051
10.035286,142.512051
10.162315,142.212105
10.289344,142.169255
10.416373,142.169255
10.543402,142.169255
11.432604,139.683985
11.559633,139.898232
11.686662,139.898232
11.813691,139.898232
11.94072,139.898232
12.067749,139.898232
12.194778,139.898232
12.321807,139.898232
12.448836,139.898232
12.575865,139.898232
12.702893,139.898232
12.829922,139.898232
12.956951,139.898232
13.08398,139.898232
13.211009,139.898232
13.338038,139.855383
13.465067,139.855383
14.481299,144.226031
14.608327,144.825924
14.735356,144.825924
14.862385,144.825924
14.989414,144.825924
15.116443,144.954472
15.243472,147.096947
15.370501,147.096947
15.49753,147.096947
15.624559,147.096947
15.751588,147.096947
15.878617,147.096947
16.005646,147.096947
16.132675,147.096947
16.259704,-1
16.386733,-1
16.513761,-1
16.64079,-1
16.767819,-1
16.894848,-1
17.657022,153.395822
17.784051,153.395822
17.91108,153.395822
18.038109,153.395822
18.165138,153.395822
18.292167,153.395822
18.419195,153.395822
18.546224,153.395822
18.673253,-1
18.800282,-1
18.927311,-1
19.05434,-1
19.181369,-1
19.308398,-1
19.435427,-1
19.562456,-1
19.689485,-1
19.816514,-1
19.943543,-1
20.070572,-1
20.197601,-1
20.324629,-1
21.086803,157.380825
21.213832,157.423674
21.340861,157.423674
21.46789,157.423674
21.594919,157.423674
21.721948,157.423674
21.848977,157.423674
21.976006,157.423674
22.103035,157.380825
22.230064,157.380825
22.357092,157.380825
22.484121,157.380825
22.61115,157.380825
22.738179,157.380825
22.865208,157.380825
22.992237,157.380825
24.135498,-1
24.262526,158.923407
24.389555,158.923407
24.516584,158.923407
24.643613,158.923407
24.770642,158.923407
24.897671,159.009106
25.0247,159.009106
25.151729,159.009106
25.278758,159.009106
25.405787,159.009106
25.532816,159.009106
25.659845,159.009106
25.786874,159.009106
25.913903,159.009106
26.040932,159.009106
26.16796,-1
26.294989,-1
26.422018,-1
26.549047,-1
26.676076,-1
26.803105,-1
26.930134,-1
27.057163,-1
27.184192,-1
27.311221,-1
27.565279,-1
27.692308,-1
27.819337,-1
27.946366,-1
28.073394,-1
28.200423,-1
28.327452,-1
28.454481,-1
28.58151,-1
28.708539,-1
28.835568,-1
28.962597,-1
29.089626,-1
29.216655,159.737547
29.343684,159.737547
29.470713,159.737547
29.597742,159.737547
29.724771,159.737547
29.8518,159.737547
29.978829,159.737547
30.105857,159.737547
30.232886,159.737547
30.359915,159.737547
30.486944,159.737547
30.613973,159.994644
30.741002,159.994644
30.868031,159.994644
30.99506,159.994644
31.122089,159.994644
31.249118,159.994644
31.376147,159.994644
31.503176,159.994644
31.630205,159.994644
31.757234,159.994644
31.884263,159.994644
32.011291,159.951794
32.13832,159.823246
32.265349,159.823246
32.392378,159.994644
32.519407,159.994644
32.646436,159.994644
32.773465,159.994644
32.900494,159.994644
33.027523,159.994644
33.154552,159.994644
33.281581,-1
33.40861,-1
33.535639,161.751473
33.662668,161.751473
33.789697,161.751473
33.916725,161.751473
34.043754,161.837172
34.170783,161.837172
34.297812,162.437065
34.424841,162.608463
34.55187,162.608463
34.678899,162.608463
34.805928,162.608463
34.932957,162.608463
35.059986,162.608463
35.187015,162.608463
35.314044,-1
35.441073,-1
35.568102,162.351366
35.695131,162.951259
35.822159,-1
35.949188,165.479379
36.076217,165.522228
36.203246,165.522228
36.330275,165.522228
36.457304,165.522228
36.584333,165.522228
36.711362,165.522228
36.838391,165.522228
36.96542,165.522228
37.092449,165.522228
37.219478,165.050884
37.346507,165.050884
37.473536,165.050884
37.600565,164.665238
37.727594,164.622389
37.854622,164.193894
37.981651,164.193894
38.10868,164.365292
38.235709,164.365292
38.362738,164.365292
38.489767,164.365292
38.616796,164.365292
38.743825,164.365292
38.870854,164.365292
38.997883,164.365292
39.124912,164.922335
39.251941,165.522228
39.37897,165.522228
39.505999,165.522228
39.633028,165.522228
39.760056,165.522228
39.887085,165.522228
40.014114,165.522228
40.141143,165.522228
40.268172,165.522228
40.395201,165.522228
40.52223,165.522228
40.649259,165.522228
40.776288,165.522228
40.903317,165.522228
41.030346,165.522228
41.157375,165.522228
41.284404,165.522228
41.411433,165.522228
41.538462,165.522228
41.66549,165.522228
41.792519,165.522228
41.919548,165.522228
42.046577,165.307981
42.173606,165.307981
42.300635,164.279593
42.427664,164.193894
42.554693,164.193894
42.681722,164.53669
42.808751,164.53669
42.93578,164.53669
43.062809,164.53669
43.189838,164.53669
43.316867,164.53669
43.443896,164.53669
43.570924,164.49384
43.697953,164.49384
43.824982,164.49384
44.07904,-1
44.206069,-1
44.333098,-1
44.460127,-1
44.587156,-1
44.714185,-1
44.841214,-1
44.968243,-1
45.095272,-1
45.222301,-1
45.34933,-1
45.476359,-1
46.111503,-1
46.238532,-1
46.365561,-1
46.49259,-1
46.619619,-1
46.746648,-1
46.873677,-1
47.000706,-1
47.127735,-1
47.254764,-1
47.381793,-1
47.508821,-1
47.63585,-1
47.762879,-1
47.889908,-1
48.016937,-1
48.143966,168.607392
48.270995,169.850027
48.398024,169.850027
48.525053,169.850027
48.652082,169.850027
48.779111,169.850027
48.90614,169.850027
49.033169,175.377611
49.160198,175.377611
49.287227,175.377611
49.414255,175.377611
49.541284,175.377611
49.668313,175.377611
49.795342,175.377611
49.922371,175.377611
50.0494,173.320836
50.176429,167.364756
50.303458,167.364756
50.430487,167.279057
50.557516,167.279057
50.684545,167.279057
50.811574,167.279057
50.938603,167.279057
51.065632,167.279057
51.192661,167.279057
51.319689,165.050884
51.700776,164.965185
51.954834,165.39368
52.081863,165.39368
52.208892,165.39368
52.335921,165.39368
52.46295,165.522228
52.589979,165.522228
52.717008,165.522228
52.844037,165.522228
52.971066,165.522228
53.098095,165.522228
53.225124,165.522228
53.352152,165.522228
53.479181,165.522228
53.60621,165.522228
53.733239,165.522228
53.860268,165.522228
53.987297,165.522228
54.114326,165.522228
54.241355,165.522228
54.368384,165.522228
54.495413,164.53669
54.622442,164.53669
54.749471,164.53669
54.8765,164.53669
55.003529,164.53669
55.130558,164.53669
55.257586,159.994644
55.384615,159.994644
55.511644,159.994644
55.638673,159.994644
55.765702,159.994644
55.892731,159.994644
56.01976,159.994644
56.146789,159.994644
56.273818,159.48045
56.400847,159.48045
56.527876,-1
56.654905,-1
56.781934,-1
56.908963,-1
57.035992,-1
57.16302,-1
57.290049,157.252276
57.417078,157.252276
57.544107,157.252276
57.671136,157.252276
57.798165,157.295126
57.925194,158.62346
58.052223,158.794858
58.179252,158.794858
58.306281,158.794858
58.43331,158.794858
58.560339,158.794858
58.687368,158.794858
58.814397,158.794858
58.941426,158.794858
59.068454,158.794858
59.195483,158.280664
59.322512,158.280664
59.449541,-1
59.57657,-1
59.703599,153.053026
59.830628,153.053026
59.957657,153.095876
60.084686,153.138725
60.211715,153.138725
60.338744,153.138725
60.465773,153.138725
60.592802,153.138725
60.719831,153.138725
60.84686,153.138725
60.973888,153.138725
61.100917,153.138725
61.227946,152.196036
61.354975,152.196036
61.482004,150.096411
61.609033,150.096411
61.736062,150.096411
61.863091,150.053562
62.244178,150.139261
62.371207,150.18211
62.498236,152.453133
62.625265,152.453133
62.752294,152.453133
62.879323,152.453133
63.006351,152.453133
63.13338,152.453133
63.260409,152.453133
63.387438,152.453133
63.514467,152.453133
63.641496,152.453133
63.768525,144.997322
63.895554,144.997322
64.022583,146.625603
64.149612,146.625603
64.276641,146.625603
64.40367,146.625603
64.530699,146.625603
64.657728,146.625603
64.784757,146.625603
64.911785,146.625603
65.038814,146.625603
65.165843,146.625603
65.292872,143.026245
65.419901,143.069095
65.54693,143.111944
65.673959,143.154794
65.800988,143.883235
65.928017,143.883235
66.055046,143.883235
66.182075,143.883235
66.309104,143.883235
66.436133,143.883235
66.563162,143.883235
66.690191,143.883235
66.817219,143.883235
66.944248,143.883235
67.071277,143.883235
67.198306,143.883235
67.325335,143.883235
67.452364,150.18211
67.579393,150.18211
67.706422,150.18211
67.833451,150.18211
67.96048,150.18211
68.087509,150.18211
68.214538,150.18211
68.341567,150.18211
68.468596,150.18211
68.595625,150.18211
68.722653,150.18211
68.849682,150.18211
68.976711,-1
69.10374,-1
69.230769,-1
69.357798,-1
69.484827,-1
69.611856,-1
69.738885,-1
69.865914,155.2812
69.992943,155.2812
70.119972,155.2812
70.247001,155.2812
70.37403,155.2812
70.501059,155.2812
70.628088,155.2812
70.755116,155.2812
70.882145,155.2812
71.009174,155.2812
71.136203,155.2812
71.263232,155.2812
71.390261,154.42421
71.51729,154.42421
71.644319,154.42421
71.771348,154.42421
71.898377,154.42421
72.025406,154.42421
72.152435,-1
72.279464,-1
72.406493,-1
72.533522,-1
72.66055,-1
72.787579,-1
73.041637,128.585967
73.168666,128.843064
73.295695,128.843064
73.422724,128.843064
73.549753,128.843064
73.676782,128.843064
73.803811,128.843064
73.93084,128.843064
74.057869,128.843064
74.184898,128.928763
74.311927,128.928763
74.438956,128.928763
74.565984,128.928763
74.693013,128.928763
74.820042,128.928763
74.947071,128.928763
75.0741,128.928763
75.201129,128.843064
75.328158,128.843064
75.455187,-1
75.582216,-1
75.709245,-1
75.836274,-1
75.963303,-1
76.090332,-1
76.217361,-1
76.34439,-1
76.471418,-1
76.598447,-1
76.725476,-1
76.852505,118.602035
76.979534,118.602035
77.106563,118.602035
77.233592,118.602035
77.360621,118.602035
77.48765,118.602035
77.614679,118.602035
77.741708,118.602035
78.63091,119.501875
78.757939,119.501875
78.884968,119.501875
79.011997,119.501875
79.139026,119.501875
79.266055,119.501875
79.393084,119.501875
79.520113,119.459025
80.663373,144.568827
80.790402,144.568827
80.917431,144.997322
81.04446,144.997322
81.171489,144.997322
81.298518,144.997322
81.425547,144.997322
81.552576,144.997322
81.679605,144.997322
81.806634,144.997322
81.933663,144.740225
82.060692,144.740225
82.187721,-1
82.314749,-1
82.441778,-1
82.568807,-1
83.712068,149.667916
83.839097,149.667916
83.966126,149.667916
84.093155,149.667916
84.220183,149.667916
84.347212,149.667916
84.474241,149.667916
84.60127,149.667916
84.728299,149.667916
84.855328,149.667916
84.982357,148.468131
85.109386,147.011248
85.744531,-1
85.87156,-1
85.998589,147.396893
86.125618,147.439743
86.252646,147.439743
86.379675,147.439743
86.506704,147.439743
86.633733,147.439743
86.760762,147.439743
86.887791,147.439743
87.01482,-1
87.141849,-1
88.031052,-1
88.15808,-1
88.285109,-1
88.412138,-1
88.539167,-1
88.666196,-1
88.793225,-1
88.920254,-1
89.42837,-1
89.555399,152.838779
89.682428,153.138725
89.809457,153.138725
89.936486,153.138725
90.063514,153.138725
90.190543,153.138725
90.317572,153.138725
90.444601,153.138725
90.57163,153.138725
90.698659,153.053026
90.825688,153.053026
90.952717,-1
91.079746,-1
91.206775,-1
91.333804,149.925013
91.460833,150.18211
91.587862,150.18211
91.714891,150.18211
91.84192,150.18211
91.968948,150.18211
92.095977,150.18211
92.223006,150.18211
92.350035,150.18211
92.477064,149.282271
92.604093,-1
92.731122,-1
92.858151,-1
94.382498,148.939475
94.509527,148.939475
94.636556,148.939475
94.763585,148.939475
94.890614,148.939475
95.017643,148.939475
95.144672,148.939475
95.271701,148.939475
98.066337,-1
98.193366,-1
98.320395,-1
98.447424,-1
98.574453,-1
98.701482,-1
98.828511,-1
98.95554,-1
99.082569,-1
99.209598,-1
99.336627,-1
99.463656,-1
99.590685,-1
99.717713,-1
99.844742,-1
99.971771,-1
100.0988,-1
100.225829,-1
100.352858,-1
100.479887,-1
105.306987,-1
105.434016,-1
105.561044,-1
105.688073,141.869309
105.815102,141.997858
105.942131,141.997858
106.06916,141.997858
106.196189,141.997858
106.323218,141.997858
106.450247,141.997858
106.577276,141.997858
106.704305,141.997858
106.831334,141.912159
106.958363,141.912159
107.085392,141.82646
107.212421,141.82646
107.33945,141.740761
107.466478,141.78361
107.593507,142.426352
107.720536,142.426352
107.847565,142.940546
107.974594,142.940546
108.101623,142.940546
108.228652,142.940546
108.355681,142.940546
108.48271,142.940546
108.609739,142.940546
108.736768,142.940546
108.863797,142.59775
108.990826,142.59775
111.150318,-1
111.277347,-1
111.404375,-1
111.531404,-1
111.658433,-1
111.785462,-1
111.912491,-1
112.03952,-1
115.342272,104.975897
115.469301,104.975897
115.59633,105.018747
115.723359,105.018747
115.850388,105.018747
115.977417,105.018747
116.104446,105.018747
116.231475,105.018747
116.358504,105.018747
116.485533,105.018747
116.612562,105.018747
116.739591,105.018747
116.86662,105.018747
116.993649,105.018747
117.120677,105.018747
117.247706,105.018747
117.374735,105.018747
117.501764,105.018747
117.628793,105.018747
117.755822,105.018747
117.882851,-1
118.00988,-1
118.136909,-1
118.263938,-1
118.390967,-1
118.517996,-1
122.709951,131.885378
122.83698,132.228174
122.964008,132.228174
123.091037,132.228174
123.218066,132.228174
123.345095,132.228174
123.472124,132.228174
123.599153,132.228174
123.726182,132.228174
124.234298,134.284949
124.361327,134.284949
124.488356,134.284949
124.615385,134.284949
124.742414,134.284949
124.869442,134.284949
124.996471,134.284949
125.1235,134.284949
125.250529,134.284949
125.377558,134.284949
126.901905,138.955544
127.028934,139.126942
127.155963,139.126942
127.282992,139.126942
127.410021,139.126942
127.53705,139.126942
127.664079,139.126942
127.791108,139.898232
127.918137,139.898232
128.045166,139.898232
128.172195,139.898232
128.299224,139.898232
128.426253,139.898232
128.553282,139.898232
128.680311,139.898232
129.569513,142.126406
129.696542,142.126406
129.823571,142.212105
129.9506,142.212105
130.077629,142.212105
130.204658,142.212105
130.331687,142.212105
130.458716,142.212105
130.585745,142.212105
130.712773,142.212105
130.966831,143.49759
131.09386,143.49759
131.220889,143.49759
131.347918,143.49759
131.474947,143.49759
131.601976,143.49759
131.729005,143.49759
131.856034,143.45474
132.36415,139.898232
132.491179,139.898232
132.618207,139.898232
132.745236,139.898232
132.872265,139.898232
132.999294,139.898232
133.126323,139.898232
133.253352,139.898232
133.380381,137.198715
133.50741,137.198715
133.634439,137.198715
133.761468,137.198715
133.888497,137.198715
134.015526,137.198715
134.142555,137.198715
135.031757,137.54151
135.158786,137.54151
135.285815,137.627209
135.412844,137.627209
135.539873,137.627209
135.666902,137.627209
135.793931,137.627209
135.92096,137.627209
136.047989,137.627209
136.175018,137.627209
136.302047,137.370112
136.429076,137.370112
136.556104,136.598822
136.683133,136.598822
136.810162,136.598822
136.937191,136.427424
137.06422,136.427424
137.953423,-1
138.080452,-1
138.207481,-1
138.33451,-1
138.461538,-1
138.588567,-1
138.715596,-1
138.842625,-1
138.969654,-1
139.096683,-1
139.223712,-1
139.350741,-1
139.47777,-1
139.604799,136.427424
139.731828,136.427424
139.858857,136.427424
139.985886,139.29834
140.112915,139.29834
140.239944,139.29834
140.366972,139.29834
140.494001,139.29834
140.62103,139.29834
140.748059,139.29834
140.875088,139.29834
141.002117,141.697911
141.129146,141.697911
141.256175,141.697911
141.383204,141.697911
141.510233,141.697911
141.637262,141.697911
141.764291,141.697911
141.89132,143.668988
142.018349,144.997322
142.145378,144.997322
142.272406,144.997322
142.399435,144.997322
142.526464,144.997322
142.653493,144.997322
142.780522,144.997322
142.907551,146.711302
143.03458,146.754151
143.161609,146.754151
143.288638,147.182646
143.415667,147.182646
143.542696,147.182646
143.669725,147.182646
143.796754,147.182646
143.923783,148.768077
144.050812,148.768077
144.177841,148.768077
144.304869,148.768077
144.431898,148.768077
144.558927,148.768077
144.685956,149.667916
144.812985,149.667916
144.940014,149.667916
145.067043,149.667916
145.194072,149.667916
145.321101,149.667916
145.44813,149.667916
145.575159,149.625067
145.702188,-1
145.829217,-1
145.956246,-1
146.083275,-1
146.210303,-1
146.337332,153.310123
146.464361,153.310123
146.59139,153.310123
146.718419,153.310123
146.845448,153.310123
146.972477,153.310123
147.099506,153.310123
147.226535,153.310123
147.353564,153.310123
147.480593,153.310123
147.607622,153.310123
147.734651,153.310123
147.86168,153.267274
147.988709,153.267274
148.369795,153.524371
148.496824,153.524371
148.623853,153.524371
148.750882,155.23835
148.877911,155.23835
149.00494,157.123728
149.131969,157.123728
149.258998,157.123728
149.386027,157.123728
149.513056,157.123728
149.640085,157.123728
149.767114,157.123728
149.894143,157.123728
150.021171,157.123728
150.1482,157.123728
150.275229,157.038029
150.402258,156.995179
152.180663,155.2812
152.307692,155.2812
152.434721,155.2812
152.56175,155.2812
152.688779,155.2812
152.815808,157.080878
152.942837,157.080878
153.069866,157.080878
153.196895,157.080878
153.323924,157.080878
153.450953,157.080878
153.577982,157.080878
153.705011,157.080878
153.83204,157.080878
153.959068,157.080878
154.086097,155.2812
154.213126,155.2812
154.340155,155.2812
154.467184,155.2812
154.594213,158.152116
154.721242,159.651848
154.848271,159.994644
154.9753,161.837172
155.102329,161.837172
155.229358,161.837172
155.356387,161.837172
155.483416,161.837172
155.610445,161.837172
155.737474,161.837172
155.864502,161.837172
155.991531,161.837172
156.11856,161.837172
156.245589,-1
156.372618,158.023567
156.499647,159.394751
156.626676,159.394751
156.753705,159.394751
156.880734,159.394751
157.007763,159.394751
157.134792,159.394751
157.261821,159.394751
157.38885,159.351901
157.515879,-1
157.642908,-1
157.769936,-1
157.896965,-1
158.023994,-1
158.151023,-1
158.278052,-1
158.405081,-1
158.53211,-1
158.659139,-1
158.786168,-1
158.913197,-1
159.040226,-1
159.167255,-1
159.294284,-1
159.421313,-1
159.548342,158.237815
159.675371,158.237815
159.802399,158.237815
159.929428,158.237815
160.056457,158.237815
160.183486,158.237815
160.310515,158.237815
160.437544,158.237815
161.326747,155.2812
161.453776,155.2812
161.580805,155.2812
161.707833,155.2812
161.834862,155.2812
161.961891,155.2812
162.08892,155.2812
162.215949,155.2812
162.342978,154.895554
162.470007,146.8827
162.597036,146.8827
162.724065,146.8827
162.851094,146.8827
162.978123,146.8827
163.486239,154.595608
163.613267,154.809855
163.740296,154.809855
163.867325,154.809855
163.994354,154.809855
164.121383,154.809855
164.248412,154.809855
164.375441,154.809855
164.50247,154.809855
165.010586,157.423674
165.137615,157.466524
165.264644,157.552223
165.391673,157.595072
165.518701,157.637922
165.64573,158.794858
165.772759,158.794858
165.899788,158.880557
166.026817,158.880557
166.153846,159.051955
166.280875,159.994644
166.407904,159.994644
166.534933,159.994644
166.661962,159.994644
166.788991,159.994644
166.91602,159.994644
167.043049,159.994644
167.170078,159.994644
167.297107,159.994644
167.424135,159.994644
167.551164,157.852169
167.678193,154.852705
167.805222,154.852705
167.932251,154.852705
168.05928,154.852705
168.186309,154.852705
168.313338,154.852705
168.440367,153.910016
168.567396,152.881628
168.694425,152.881628
168.821454,152.881628
168.948483,150.18211
169.075512,150.18211
169.202541,150.18211
169.32957,150.18211
169.456598,150.18211
169.583627,148.468131
169.710656,148.468131
169.837685,148.425281
169.964714,147.868238
170.091743,147.868238
170.218772,147.868238
170.345801,143.668988
170.47283,143.668988
170.599859,143.668988
170.726888,143.668988
170.853917,143.668988
170.980946,143.668988
171.107975,138.784146
171.235004,138.784146
171.362032,138.784146
171.489061,-1
171.61609,-1
171.743119,-1
171.870148,-1
175.426958,138.826995
175.553987,138.826995
175.681016,138.826995
175.808045,138.826995
175.935074,138.826995
176.062103,138.826995
176.189132,138.826995
176.316161,138.826995
176.44319,138.826995
176.570219,138.569898
176.697248,138.569898
176.824277,138.569898
176.951306,138.569898
177.967537,136.855919
178.094566,136.855919
178.221595,137.54151
178.348624,137.54151
178.475653,137.54151
178.602682,137.54151
178.729711,137.54151
178.85674,137.54151
178.983769,137.54151
179.110797,137.54151
179.237826,137.54151
179.364855,137.54151
179.491884,137.54151
179.618913,137.54151
179.745942,137.627209
179.872971,137.627209
180,138.098554
180.127029,138.312801
180.254058,138.312801
180.381087,138.355651
180.508116,138.355651
180.635145,138.355651
180.762174,138.355651
180.889203,138.355651
181.016231,138.355651
181.14326,138.355651
181.270289,138.355651
181.397318,-1
181.524347,-1
181.651376,-1
181.778405,134.542046
181.905434,134.542046
182.032463,134.542046
182.159492,134.542046
182.286521,134.542046
182.41355,134.542046
182.540579,134.542046
182.667608,134.499197
182.794637,131.842528
182.921665,131.842528
183.048694,131.842528
183.175723,131.842528
183.302752,131.842528
183.429781,131.842528
183.55681,131.842528
183.683839,131.756829
183.810868,131.756829
183.937897,-1
184.064926,-1
184.191955,132.185324
184.318984,132.185324
184.446013,132.185324
184.573042,132.185324
184.700071,132.185324
184.8271,136.72737
184.954128,136.72737
185.081157,136.72737
185.208186,136.72737
185.335215,136.72737
185.462244,136.72737
185.589273,136.72737
185.716302,139.212641
185.843331,139.384039
185.97036,139.384039
186.097389,139.384039
186.224418,142.297804
186.351447,143.883235
186.478476,144.31173
186.605505,144.31173
186.732534,144.31173
186.859562,144.31173
186.986591,147.65399
187.11362,147.65399
187.240649,147.65399
187.367678,147.65399
187.494707,147.65399
187.621736,147.65399
187.748765,147.65399
187.875794,147.65399
188.637968,-1
188.764996,-1
188.892025,-1
189.019054,-1
189.146083,-1
189.273112,-1
189.400141,-1
189.52717,-1
189.654199,-1
189.781228,-1
189.908257,-1
190.035286,-1
190.924488,152.495983
191.051517,152.495983
191.178546,152.495983
191.305575,152.495983
191.432604,152.495983
191.559633,152.495983
191.686662,152.495983
191.813691,152.495983
192.194778,149.967863
192.321807,149.967863
192.448836,149.967863
192.575865,149.967863
192.702893,149.967863
192.829922,149.967863
192.956951,149.967863
193.08398,144.483128
193.211009,144.483128
193.338038,144.483128
193.465067,144.483128
193.592096,144.483128
193.719125,144.483128
193.846154,144.483128
193.973183,144.440279
194.100212,144.440279
194.227241,144.440279
194.35427,144.440279
194.481299,144.440279
194.608327,143.326192
194.862385,139.641136
195.370501,-1
195.49753,132.52812
195.624559,132.52812
195.751588,132.52812
195.878617,132.570969
196.005646,132.570969
196.132675,132.570969
196.259704,132.570969
196.386733,132.570969
196.513761,132.570969
196.64079,138.098554
196.767819,138.098554
196.894848,138.098554
197.021877,138.098554
197.148906,138.098554
197.275935,138.098554
197.402964,138.098554
197.529993,138.098554
197.657022,137.841457
197.784051,137.841457
197.91108,137.841457
198.038109,137.841457
198.800282,139.555437
198.927311,139.555437
199.05434,141.697911
199.181369,141.697911
199.308398,141.697911
199.435427,141.697911
199.562456,142.040707
199.689485,142.040707
199.816514,142.040707
199.943543,142.040707
200.070572,142.040707
200.197601,142.040707
200.324629,142.040707
200.451658,142.040707
200.832745,-1
200.959774,-1
201.086803,-1
201.213832,-1
201.340861,-1
201.46789,-1
201.594919,141.655062
201.721948,141.655062
201.848977,141.655062
201.976006,141.655062
202.103035,141.655062
202.230064,141.655062
202.357092,141.655062
202.484121,141.655062
202.61115,141.655062
202.738179,141.655062
202.865208,139.898232
202.992237,139.898232
203.119266,139.898232
203.246295,139.898232
203.373324,139.898232
204.389555,-1
204.516584,-1
204.643613,-1
204.770642,143.626138
204.897671,143.626138
205.0247,143.711837
205.151729,143.711837
205.278758,143.711837
205.405787,143.711837
205.532816,143.883235
205.659845,143.883235
205.786874,143.883235
205.913903,143.883235
206.040932,143.883235
206.16796,143.883235
206.294989,143.883235
206.422018,143.883235
206.549047,143.883235
206.676076,143.883235
206.803105,143.626138
206.930134,143.626138
207.057163,-1
207.184192,142.6406
207.311221,142.6406
207.43825,142.6406
207.565279,-1
207.692308,-1
207.819337,-1
207.946366,138.3985
208.073394,138.3985
208.200423,138.3985
208.327452,138.3985
208.454481,138.3985
208.58151,138.3985
208.708539,138.3985
208.835568,138.355651
208.962597,138.355651
209.089626,138.355651
209.216655,138.355651
209.343684,138.355651
209.470713,138.355651
209.597742,138.355651
209.724771,138.355651
209.8518,138.355651
209.978829,-1
210.359915,134.070702
210.486944,134.327799
210.613973,134.327799
210.741002,134.327799
210.868031,134.327799
210.99506,134.327799
211.122089,134.327799
211.249118,134.327799
211.376147,134.327799
211.503176,134.327799
211.630205,134.327799
211.757234,134.327799
211.884263,134.327799
212.011291,-1
212.13832,-1
212.265349,-1
212.392378,-1
212.519407,-1
212.646436,-1
212.773465,-1
212.900494,-1
213.027523,-1
213.154552,137.027317
213.281581,137.070166
213.40861,137.070166
213.535639,137.070166
213.662668,137.070166
213.789697,137.070166
213.916725,137.070166
214.043754,137.070166
214.170783,-1
214.297812,137.841457
214.424841,137.841457
214.55187,138.098554
214.678899,138.098554
214.805928,138.098554
214.932957,138.098554
215.059986,138.098554
215.187015,138.098554
215.314044,138.098554
215.441073,138.098554
215.568102,138.098554
215.695131,139.898232
215.822159,139.898232
215.949188,139.898232
216.076217,139.898232
216.203246,139.898232
216.330275,139.898232
216.457304,139.898232
216.584333,139.898232
216.711362,-1
216.838391,-1
216.96542,-1
217.092449,-1
217.219478,-1
217.346507,-1
217.473536,-1
217.600565,-1
217.727594,-1
217.854622,-1
217.981651,-1
218.10868,-1
218.235709,-1
218.362738,-1
218.489767,-1
218.616796,-1
218.743825,143.154794
218.870854,143.154794
218.997883,143.154794
219.124912,143.154794
219.251941,143.154794
219.37897,143.154794
219.505999,143.154794
219.633028,143.026245
219.760056,143.026245
219.887085,143.026245
220.014114,143.026245
220.141143,143.026245
220.268172,142.769148
220.395201,142.769148
220.52223,127.086235
220.649259,127.086235
220.776288,127.086235
220.903317,127.086235
221.030346,127.086235
221.157375,127.086235
221.284404,127.086235
221.411433,127.000536
221.538462,127.000536
221.66549,127.257633
221.792519,128.28602
221.919548,128.28602
222.046577,128.28602
222.173606,134.584896
222.300635,134.627745
222.427664,134.627745
222.554693,134.627745
222.681722,134.627745
222.808751,134.627745
222.93578,134.627745
223.062809,134.627745
223.189838,136.72737
223.316867,136.72737
223.443896,136.72737
223.570924,136.72737
223.697953,136.72737
223.824982,136.72737
223.952011,136.72737
224.07904,139.469738
224.206069,139.898232
224.333098,141.612212
224.460127,141.612212
224.587156,141.697911
224.714185,141.697911
224.841214,141.697911
224.968243,141.697911
225.095272,141.697911
225.222301,141.697911
225.34933,141.697911
225.476359,141.697911
225.603387,-1
225.730416,143.154794
225.857445,143.154794
225.984474,143.154794
226.111503,143.154794
226.238532,143.154794
226.365561,143.154794
226.49259,143.154794
226.619619,143.154794
226.746648,143.154794
226.873677,143.154794
227.000706,141.869309
227.127735,141.869309
227.254764,141.869309
227.381793,141.697911
227.508821,141.697911
227.63585,141.697911
227.762879,141.697911
227.889908,139.898232
228.016937,138.269952
228.143966,138.269952
228.270995,138.269952
228.398024,138.269952
228.525053,138.269952
228.652082,138.269952
228.779111,138.269952
228.90614,-1
229.033169,-1
229.160198,-1
230.0494,209.228709
230.176429,209.271559
230.303458,209.271559
230.430487,209.271559
230.557516,209.271559
230.684545,209.271559
230.811574,209.271559
230.938603,209.271559
231.065632,-1
231.192661,-1
231.319689,-1
231.446718,-1
231.573747,-1
231.700776,-1
231.827805,-1
231.954834,-1
232.081863,-1
232.208892,-1
232.335921,-1
232.46295,-1
232.589979,-1
232.717008,-1
232.844037,132.399572
232.971066,132.399572
233.098095,132.399572
233.225124,132.399572
233.352152,132.399572
233.479181,132.399572
233.60621,132.399572
233.733239,132.399572
233.860268,132.313873
233.987297,132.313873
234.114326,132.313873
234.241355,132.313873
234.368384,132.228174
234.495413,-1
234.622442,-1
234.749471,-1
234.8765,-1
235.003529,-1
235.130558,-1
235.257586,-1
235.384615,-1
235.511644,-1
235.638673,-1
235.765702,-1
235.892731,-1
236.01976,-1
236.146789,-1
236.273818,-1
236.400847,132.570969
236.527876,132.570969
236.654905,132.570969
236.781934,132.570969
236.908963,133.470809
237.035992,133.470809
237.16302,133.470809
237.290049,133.470809
237.417078,133.470809
237.544107,133.470809
237.671136,133.470809
237.798165,133.470809
237.925194,133.470809
238.052223,133.38511
238.179252,133.256561
238.306281,133.213712
238.43331,132.785217
238.560339,132.785217
238.687368,132.785217
238.814397,132.785217
238.941426,132.785217
239.068454,132.785217
240.211715,132.013926
240.338744,132.013926
240.465773,132.013926
240.592802,132.013926
240.719831,132.013926
240.84686,132.013926
240.973888,132.013926
241.100917,132.013926
241.354975,134.756294
241.482004,134.799143
241.609033,134.799143
241.736062,134.799143
241.863091,134.799143
241.99012,134.799143
242.117149,134.799143
242.244178,134.799143
242.371207,-1
242.498236,-1
242.625265,-1
242.752294,-1
242.879323,-1
243.006351,-1
243.13338,-1
243.260409,139.084092
243.387438,139.084092
243.514467,139.084092
243.641496,139.084092
243.768525,139.084092
243.895554,139.084092
244.022583,139.084092
244.149612,139.084092
244.276641,-1
244.40367,-1
244.530699,-1
244.657728,134.284949
244.784757,134.284949
244.911785,134.627745
245.038814,134.627745
245.165843,134.627745
245.292872,134.627745
245.419901,134.627745
245.54693,134.627745
245.673959,134.627745
245.800988,131.71398
245.928017,131.71398
246.055046,131.71398
246.182075,131.71398
246.309104,131.71398
246.436133,131.71398
246.563162,-1
246.690191,133.770755
246.817219,133.770755
246.944248,133.770755
247.071277,133.770755
247.198306,133.770755
247.325335,133.770755
247.452364,133.770755
247.579393,133.770755
249.611856,134.799143
249.738885,134.799143
249.865914,134.799143
249.992943,134.799143
250.119972,134.799143
250.247001,134.799143
250.37403,134.799143
250.501059,134.799143
250.628088,134.799143
250.755116,134.799143
250.882145,134.799143
251.009174,134.799143
251.136203,-1
251.263232,-1
251.390261,-1
251.51729,-1
251.644319,-1
251.771348,-1
251.898377,-1
252.025406,-1
252.152435,-1
252.279464,-1
252.406493,-1
252.533522,139.469738
252.66055,139.469738
252.787579,139.555437
252.914608,139.555437
253.041637,139.555437
253.168666,139.555437
253.295695,139.555437
253.422724,139.555437
253.549753,139.555437
253.676782,139.555437
253.803811,139.555437
253.93084,139.555437
254.057869,138.784146
254.184898,138.784146
254.311927,138.784146
254.438956,138.784146
254.565984,138.784146
254.693013,-1
254.820042,-1
254.947071,-1
255.0741,-1
255.201129,-1
255.328158,-1
255.455187,-1
255.582216,-1
255.709245,-1
255.836274,-1
255.963303,-1
256.090332,-1
256.217361,-1
256.34439,-1
256.471418,-1
256.598447,-1
256.725476,-1
256.852505,-1
256.979534,-1
257.106563,139.25549
257.233592,139.25549
257.360621,139.341189
257.48765,139.341189
257.614679,139.341189
257.741708,139.341189
257.868737,139.426888
257.995766,139.426888
258.122795,139.426888
258.249824,139.426888
258.376853,139.426888
258.503881,139.426888
258.63091,139.426888
258.757939,139.426888
258.884968,139.898232
259.011997,139.898232
259.139026,139.898232
259.266055,139.898232
259.393084,139.898232
259.520113,139.898232
259.647142,139.898232
259.774171,139.898232
259.9012,139.898232
260.028229,139.898232
260.155258,139.855383
260.282287,139.855383
260.409315,139.769684
260.536344,139.769684
260.663373,139.769684
260.790402,139.769684
260.917431,-1
261.04446,-1
261.171489,-1
261.298518,-1
261.425547,139.855383
261.552576,139.898232
261.679605,139.898232
261.806634,139.898232
261.933663,139.898232
262.060692,139.898232
262.187721,139.898232
262.314749,139.898232
262.441778,-1
262.568807,-1
262.695836,-1
262.822865,-1
262.949894,141.955008
263.076923,141.955008
263.203952,141.955008
263.330981,141.955008
263.45801,142.383503
263.585039,142.383503
263.712068,142.383503
263.839097,142.383503
263.966126,142.383503
264.093155,142.383503
264.220183,142.383503
264.347212,142.383503
264.474241,-1
264.60127,-1
264.728299,-1
264.855328,-1
264.982357,-1
265.109386,-1
265.236415,-1
265.363444,-1
265.490473,-1
265.617502,-1
265.744531,-1
265.87156,-1
265.998589,-1
266.125618,-1
266.252646,-1
266.379675,-1
266.506704,-1
266.633733,-1
266.760762,-1
266.887791,-1
267.01482,148.339582
267.141849,148.382432
267.268878,149.110873
267.395907,149.110873
267.522936,149.110873
267.649965,149.110873
267.776994,149.110873
267.904023,149.110873
268.031052,149.110873
268.15808,149.110873
268.285109,149.110873
268.412138,149.110873
268.539167,148.339582
268.666196,148.339582
268.793225,146.968399
268.920254,146.968399
269.047283,146.968399
269.174312,146.968399
269.301341,146.968399
269.42837,144.011784
269.555399,144.011784
269.682428,144.011784
269.809457,143.968934
269.936486,137.712908
270.063514,137.712908
270.190543,137.712908
270.317572,137.712908
270.444601,137.712908
270.57163,137.712908
270.698659,137.712908
270.825688,137.712908
270.952717,137.712908
271.079746,137.198715
271.206775,-1
271.333804,-1
271.460833,139.898232
271.587862,-1
271.714891,143.883235
271.84192,144.397429
271.968948,144.397429
272.095977,144.397429
272.223006,144.397429
272.350035,144.397429
272.477064,144.397429
272.604093,144.397429
272.731122,147.354044
272.858151,147.396893
272.98518,147.568291
273.112209,149.282271
273.239238,149.839314
273.366267,149.839314
273.493296,149.839314
273.620325,149.839314
273.747354,149.839314
273.874382,149.839314
274.001411,149.839314
274.12844,149.839314
274.255469,149.753615
274.382498,149.753615
274.509527,149.667916
274.636556,149.667916
274.763585,149.667916
274.890614,149.667916
275.017643,147.225495
275.144672,147.225495
275.271701,147.225495
275.39873,147.225495
275.525759,147.225495
275.652788,147.225495
275.779817,147.225495
275.906845,147.182646
276.033874,141.912159
276.160903,141.912159
276.287932,141.912159
276.414961,141.912159
276.54199,141.912159
276.669019,136.855919
276.796048,136.855919
276.923077,136.855919
277.050106,136.855919
277.177135,136.855919
277.304164,136.855919
277.431193,136.855919
277.558222,122.629888
277.685251,122.072844
277.812279,116.759507
277.939308,116.759507
278.066337,116.759507
278.193366,116.845206
278.320395,116.845206
278.447424,117.616497
278.574453,122.158543
278.701482,123.786824
278.828511,132.613819
278.95554,132.613819
279.082569,132.613819
279.209598,132.613819
279.336627,132.613819
279.463656,134.799143
279.590685,134.799143
279.717713,134.799143
279.844742,134.799143
279.971771,134.799143
280.0988,134.799143
280.225829,134.799143
280.352858,134.799143
280.479887,138.269952
280.606916,138.44135
280.733945,138.44135
280.860974,139.641136
280.988003,141.526513
281.115032,141.526513
281.242061,141.526513
281.36909,141.526513
281.496119,141.526513
281.623147,141.526513
281.750176,141.526513
281.877205,142.769148
282.004234,142.769148
282.131263,142.769148
282.258292,142.769148
282.385321,142.769148
282.51235,142.769148
282.639379,142.769148
282.766408,142.769148
282.893437,142.769148
283.020466,142.769148
283.147495,142.769148
283.274524,142.769148
283.401553,139.469738
283.528582,139.469738
283.65561,138.569898
283.782639,138.569898
283.909668,138.569898
284.036697,138.569898
284.163726,138.569898
284.290755,138.569898
284.417784,138.569898
284.544813,138.569898
284.671842,136.427424
284.798871,134.456347
284.9259,134.456347
285.052929,134.456347
285.179958,134.456347
285.306987,134.499197
285.434016,134.713444
285.561044,134.713444
285.688073,134.799143
285.815102,134.799143
285.942131,134.799143
286.06916,137.712908
286.196189,139.555437
286.323218,139.555437
286.450247,139.555437
286.577276,139.555437
286.704305,139.555437
286.831334,139.555437
286.958363,139.555437
287.085392,139.426888
287.212421,134.799143
287.33945,136.684521
287.466478,136.684521
287.593507,136.684521
287.720536,136.684521
287.847565,136.684521
287.974594,138.912694
288.101623,138.912694
288.228652,138.912694
288.355681,138.912694
288.48271,138.912694
288.609739,138.912694
288.736768,138.912694
288.863797,138.912694
288.990826,136.684521
289.117855,-1
289.244884,142.469202
289.371912,142.469202
289.498941,142.726299
289.62597,142.726299
289.752999,142.769148
289.880028,142.769148
290.007057,142.769148
290.134086,142.769148
290.261115,142.769148
290.388144,142.769148
290.515173,142.769148
290.642202,142.212105
290.769231,138.527049
290.89626,138.527049
291.023289,138.698447
291.150318,138.698447
291.277347,138.698447
291.404375,138.698447
291.531404,138.698447
291.658433,138.698447
291.785462,138.698447
291.912491,138.698447
292.03952,138.269952
292.166549,139.898232
292.293578,139.898232
292.420607,139.898232
292.547636,139.898232
292.674665,139.898232
292.801694,139.898232
292.928723,139.898232
293.055752,139.898232
293.182781,139.898232
293.309809,139.898232
293.436838,139.898232
293.563867,139.898232
293.690896,-1
293.817925,-1
293.944954,143.583289
294.071983,143.583289
294.199012,143.583289
294.326041,143.583289
294.45307,143.583289
294.580099,143.583289
294.707128,143.583289
294.834157,143.583289
294.961186,143.583289
295.088215,143.583289
295.215243,143.583289
295.342272,143.583289
295.469301,143.583289
295.59633,143.583289
295.723359,142.040707
295.850388,141.78361
295.977417,141.78361
296.104446,141.78361
296.231475,141.78361
296.358504,141.78361
296.485533,141.740761
296.612562,139.726834
296.739591,139.726834
296.86662,139.726834
297.120677,134.799143
297.247706,134.799143
297.374735,134.799143
297.501764,134.799143
297.628793,134.799143
297.755822,134.799143
297.882851,134.799143
298.00988,134.799143
298.136909,134.799143
298.263938,134.799143
298.390967,134.799143
298.517996,134.799143
298.645025,134.327799
298.772054,134.284949
298.899083,134.284949
299.026112,134.284949
299.15314,134.284949
299.280169,134.284949
299.407198,-1
299.534227,136.598822
299.661256,136.941618
299.788285,136.941618
299.915314,136.941618
300.042343,136.941618
300.169372,136.941618
300.296401,136.941618
300.42343,136.941618
300.550459,136.941618
300.677488,-1
300.804517,-1
300.931546,-1
301.058574,-1
301.185603,-1
301.312632,-1
301.439661,-1
301.56669,-1
301.693719,-1
301.820748,-1
301.947777,-1
302.074806,-1
302.201835,-1
302.328864,149.496518
302.455893,149.496518
302.582922,149.582217
302.709951,149.582217
302.83698,149.582217
302.964008,149.582217
303.091037,149.582217
303.218066,149.582217
303.345095,149.582217
303.472124,149.582217
303.599153,149.582217
303.726182,149.582217
303.853211,148.725228
303.98024,148.725228
304.107269,148.725228
304.234298,-1
304.361327,-1
304.488356,-1
304.615385,-1
304.742414,-1
304.869442,-1
304.996471,-1
305.1235,-1
305.250529,-1
305.377558,-1
305.504587,144.783074
305.631616,144.783074
305.758645,144.783074
305.885674,144.783074
306.012703,144.783074
306.139732,144.783074
306.266761,144.783074
306.39379,144.783074
306.520819,141.697911
306.647848,141.697911
306.774876,141.697911
306.901905,141.697911
307.028934,141.697911
307.155963,138.955544
307.282992,138.955544
307.410021,-1
307.53705,-1
307.664079,-1
307.791108,-1
307.918137,-1
308.045166,-1
308.172195,-1
308.299224,-1
308.426253,-1
308.553282,137.455811
308.680311,137.498661
308.807339,137.498661
308.934368,137.498661
309.061397,137.498661
309.188426,137.498661
309.315455,137.498661
309.442484,137.498661
309.569513,136.984467
309.696542,136.984467
309.823571,136.984467
309.9506,136.984467
310.077629,136.984467
310.204658,136.984467
310.331687,136.984467
310.458716,136.984467
310.585745,136.984467
310.712773,-1
310.839802,-1
310.966831,-1
311.09386,-1
311.220889,-1
311.347918,-1
311.474947,-1
311.601976,-1
311.729005,137.970005
311.856034,137.970005
311.983063,137.970005
312.110092,137.970005
312.237121,137.970005
312.36415,137.970005
312.491179,137.970005
312.618207,137.970005
312.745236,-1
312.872265,-1
312.999294,-1
313.126323,-1
313.253352,-1
313.380381,-1
313.50741,-1
313.634439,-1
313.761468,141.569363
313.888497,141.569363
314.015526,141.569363
314.142555,141.569363
314.269584,141.569363
314.396613,141.569363
314.523641,141.569363
314.65067,141.569363
314.777699,141.569363
314.904728,141.569363
315.031757,-1
315.158786,-1
315.285815,-1
315.412844,-1
315.539873,-1
315.666902,-1
315.793931,-1
315.92096,-1
316.047989,-1
316.175018,-1
316.302047,-1
316.429076,-1
316.556104,-1
316.810162,-1
316.937191,-1
317.06422,-1
317.191249,-1
317.318278,-1
317.445307,-1
317.572336,-1
317.699365,139.726834
317.826394,139.726834
317.953423,139.726834
318.080452,139.726834
318.207481,139.726834
318.33451,139.726834
318.461538,139.726834
318.588567,139.726834
318.715596,139.726834
318.842625,139.726834
318.969654,139.726834
319.096683,139.726834
319.223712,139.726834
319.350741,139.726834
319.47777,-1
319.604799,-1
319.731828,-1
319.858857,142.126406
319.985886,142.554901
320.112915,142.554901
320.239944,143.411891
320.366972,144.35458
320.494001,144.35458
320.62103,144.35458
320.748059,144.35458
320.875088,144.35458
321.002117,144.35458
321.129146,144.35458
321.256175,144.35458
321.383204,-1
321.510233,-1
321.637262,-1
321.764291,-1
321.89132,-1
322.018349,-1
322.145378,-1
322.272406,-1
322.399435,148.682378
322.526464,148.682378
322.653493,148.682378
322.780522,148.682378
322.907551,148.682378
323.03458,148.682378
323.161609,148.682378
323.288638,148.682378
323.415667,148.425281
323.542696,148.425281
323.669725,148.425281
323.796754,148.425281
323.923783,148.425281
324.050812,148.425281
324.177841,148.425281
324.304869,148.425281
324.431898,149.110873
324.558927,149.36797
324.685956,149.36797
324.812985,149.36797
324.940014,149.36797
325.067043,149.36797
325.194072,149.36797
325.321101,149.36797
325.44813,149.36797
325.575159,149.967863
325.702188,149.967863
325.829217,149.967863
325.956246,149.967863
326.083275,149.967863
326.210303,149.967863
326.337332,149.967863
326.464361,149.967863
326.59139,-1
326.718419,-1
326.845448,150.18211
326.972477,150.18211
327.099506,150.18211
327.226535,150.18211
327.353564,150.18211
327.480593,150.18211
327.607622,150.18211
327.734651,150.18211
327.86168,-1
327.988709,-1
328.115737,-1
328.242766,-1
328.369795,-1
328.496824,-1
328.623853,-1
328.750882,-1
328.877911,-1
329.00494,-1
329.131969,-1
329.258998,-1
329.386027,-1
329.513056,-1
329.640085,-1
329.767114,-1
329.894143,-1
330.021171,-1
330.1482,-1
330.275229,-1
330.402258,-1
330.529287,-1
330.656316,-1
330.783345,-1
330.910374,-1
331.037403,-1
331.164432,-1
331.291461,-1
331.41849,-1
331.545519,-1
331.672548,-1
331.799577,-1
331.926606,-1
332.053634,-1
332.180663,-1
332.307692,-1
332.434721,-1
332.56175,-1
332.688779,-1
332.815808,-1
332.942837,-1
333.069866,-1
333.196895,-1
333.450953,-1
333.577982,-1
333.705011,-1
333.83204,-1
333.959068,-1
334.086097,-1
334.213126,-1
334.340155,152.067488
334.467184,152.367434
334.594213,152.367434
334.721242,152.367434
334.848271,152.367434
334.9753,152.367434
335.102329,152.367434
335.229358,152.367434
335.356387,152.367434
335.483416,152.110337
335.610445,152.110337
335.737474,152.110337
335.864502,152.110337
335.991531,152.110337
336.11856,-1
336.245589,-1
336.372618,-1
336.499647,-1
336.626676,-1
336.753705,-1
336.880734,-1
337.007763,-1
337.134792,-1
337.261821,-1
337.38885,-1
337.515879,153.438672
337.642908,153.481521
337.769936,153.695769
337.896965,153.952866
338.023994,153.952866
338.151023,153.952866
338.278052,153.952866
338.405081,153.952866
338.53211,153.952866
338.659139,153.952866
338.786168,153.952866
338.913197,153.781468
339.040226,-1
339.167255,-1
339.294284,-1
339.421313,-1
339.548342,-1
339.675371,-1
339.802399,-1
339.929428,-1
340.056457,-1
340.183486,-1
340.310515,-1
340.437544,-1
340.564573,-1
340.691602,-1
340.818631,-1
340.94566,-1
341.072689,-1
341.199718,-1
341.326747,148.382432
341.453776,148.382432
341.580805,148.382432
341.707833,148.382432
341.834862,148.382432
341.961891,148.425281
342.08892,148.425281
342.215949,148.425281
342.342978,148.425281
342.470007,148.425281
342.597036,148.425281
342.724065,148.425281
342.851094,149.410819
342.978123,149.410819
343.105152,149.410819
343.232181,149.410819
343.35921,149.410819
343.486239,149.410819
343.613267,149.410819
343.740296,149.410819
343.867325,149.410819
343.994354,149.410819
344.121383,-1
344.248412,-1
344.375441,-1
344.50247,-1
344.629499,-1
344.756528,-1
344.883557,-1
345.010586,-1
345.137615,-1
345.264644,-1
345.391673,-1
345.518701,-1
345.64573,-1
345.772759,-1
345.899788,-1
346.026817,-1
346.153846,-1
346.280875,-1
346.407904,-1
346.534933,-1
346.661962,-1
346.788991,-1
346.91602,-1
347.043049,-1
347.170078,-1
347.297107,-1
347.424135,-1
347.551164,-1
347.678193,-1
347.805222,-1
347.932251,-1
348.05928,-1
348.186309,-1
348.313338,-1
348.440367,-1
348.567396,-1
348.694425,-1
348.821454,-1
348.948483,-1
349.075512,-1
349.202541,-1
349.32957,-1
349.456598,-1
349.583627,-1
349.710656,-1
349.837685,-1
349.964714,-1
350.091743,138.527049
350.218772,138.527049
350.345801,138.612748
350.47283,-1
350.599859,138.998393
350.726888,139.041243
350.853917,139.041243
350.980946,139.041243
351.107975,139.041243
351.235004,139.041243
351.362032,139.041243
351.489061,139.041243
351.61609,-1
351.743119,-1
351.870148,-1
351.997177,-1
352.124206,-1
352.251235,-1
352.378264,-1
352.505293,-1
352.632322,-1
352.759351,-1
352.88638,-1
353.013409,-1
353.140438,-1
353.267466,-1
353.394495,-1
353.521524,-1
353.648553,-1
353.775582,-1
353.902611,150.096411
354.02964,150.096411
354.156669,150.096411
354.283698,150.096411
354.410727,150.096411
354.537756,150.096411
354.664785,150.096411
354.791814,150.096411
354.918843,150.096411
355.045872,150.096411
355.1729,-1
355.299929,-1
355.426958,-1
355.553987,-1
355.681016,-1
355.808045,-1
355.935074,-1
356.062103,-1
356.189132,-1
356.316161,-1
356.44319,-1
356.570219,-1
356.697248,-1
356.824277,-1
356.951306,-1
357.078335,-1
357.205363,-1
357.332392,-1
357.459421,-1
357.58645,-1
357.713479,-1
357.840508,-1
357.967537,-1
358.094566,-1
358.221595,-1
358.348624,-1
358.475653,-1
358.602682,-1
358.729711,-1
358.85674,-1
358.983769,-1
359.110797,-1
359.237826,142.469202
359.364855,143.583289
359.491884,143.583289
359.618913,143.583289
359.745942,143.583289
359.872971,143.583289
360,143.583289
360.127029,143.583289
360.254058,143.583289
360.381087,-1
360.508116,144.697375
360.635145,144.697375
360.762174,144.697375
360.889203,144.697375
361.016231,144.697375
361.14326,144.697375
361.270289,144.697375
361.397318,144.697375
361.524347,144.697375
361.651376,147.439743
361.778405,147.439743
361.905434,147.65399
362.032463,147.69684
362.159492,147.69684
362.286521,147.69684
362.41355,147.868238
362.540579,147.868238
362.667608,147.868238
362.794637,147.868238
362.921665,147.868238
363.048694,147.868238
363.175723,147.868238
363.302752,147.825388
363.429781,147.825388
363.55681,147.825388
363.683839,147.782539
363.810868,147.139796
363.937897,146.8827
364.064926,146.8827
364.191955,146.8827
364.318984,146.8827
364.446013,146.8827
364.573042,146.8827
364.700071,146.8827
364.8271,146.8827
364.954128,146.8827
365.081157,146.8827
365.208186,-1
365.335215,-1
365.462244,-1
365.843331,-1
365.97036,-1
366.097389,149.967863
366.224418,149.967863
366.351447,149.967863
366.478476,149.967863
366.605505,149.967863
366.732534,149.967863
366.859562,149.967863
366.986591,-1
367.11362,-1
367.240649,-1
367.367678,-1
367.494707,-1
367.621736,-1
367.748765,-1
367.875794,-1
368.002823,-1
368.129852,-1
368.256881,153.867167
368.38391,153.867167
368.510939,153.952866
368.637968,153.952866
368.764996,153.952866
368.892025,153.952866
369.019054,153.952866
369.146083,153.952866
369.273112,153.952866
369.400141,153.952866
369.52717,153.867167
369.654199,153.867167
369.781228,-1
369.908257,150.18211
370.035286,150.18211
370.162315,150.18211
370.289344,-1
370.416373,-1
370.543402,150.18211
370.67043,150.18211
370.797459,150.18211
370.924488,150.18211
371.051517,150.18211
371.178546,151.89609
371.305575,151.89609
371.432604,151.89609
371.559633,151.89609
371.686662,151.89609
371.813691,151.89609
371.94072,151.89609
372.067749,151.89609
372.194778,151.89609
372.321807,159.009106
372.448836,159.223353
372.575865,159.223353
372.702893,159.223353
372.829922,159.223353
372.956951,159.223353
373.08398,159.223353
373.211009,159.223353
373.338038,159.223353
373.465067,152.881628
373.592096,154.595608
373.719125,154.595608
373.846154,154.595608
373.973183,154.595608
374.100212,154.595608
374.227241,154.595608
374.35427,154.938404
374.481299,155.2812
374.608327,155.2812
374.735356,155.2812
374.862385,156.995179
374.989414,156.995179
375.116443,157.166577
375.243472,157.166577
375.370501,157.337975
375.49753,157.337975
375.624559,158.752009
375.751588,159.094804
375.878617,159.137654
376.005646,159.137654
376.132675,159.137654
376.259704,159.137654
376.386733,159.137654
376.513761,159.137654
376.64079,159.137654
376.767819,158.752009
376.894848,-1
377.021877,-1
377.148906,-1
377.275935,-1
377.402964,-1
377.529993,-1
377.657022,-1
377.784051,-1
378.546224,159.4376
378.673253,159.4376
378.800282,159.994644
378.927311,159.994644
379.05434,159.994644
379.181369,159.994644
379.308398,159.994644
379.435427,159.994644
379.562456,159.994644
379.689485,159.994644
379.816514,159.994644
379.943543,159.994644
380.070572,159.994644
380.197601,159.994644
380.324629,159.994644
380.451658,159.994644
380.578687,159.523299
380.705716,159.523299
380.959774,162.051419
381.086803,162.051419
381.213832,162.051419
381.340861,162.051419
381.46789,162.051419
381.594919,162.051419
381.721948,162.051419
381.848977,163.6797
381.976006,163.6797
382.103035,163.765399
382.230064,163.765399
382.357092,163.851098
382.484121,163.851098
382.61115,163.851098
382.738179,163.851098
382.865208,163.851098
382.992237,163.851098
383.119266,163.979646
383.246295,164.022496
383.373324,164.022496
383.500353,164.022496
383.627382,164.022496
383.754411,164.022496
383.88144,164.022496
384.008469,164.022496
384.643613,164.151044
384.770642,164.236743
384.897671,164.236743
385.0247,164.236743
385.151729,164.279593
385.278758,164.279593
385.405787,164.279593
385.532816,164.279593
385.659845,164.279593
385.786874,164.279593
385.913903,164.279593
386.040932,164.236743
386.16796,163.508302
386.294989,163.465453
386.422018,159.994644
386.549047,159.994644
386.676076,159.994644
386.803105,159.994644
386.930134,159.994644
387.057163,159.994644
387.184192,159.994644
387.311221,159.994644
387.43825,159.994644
387.565279,159.994644
387.692308,159.994644
387.819337,159.994644
387.946366,158.62346
388.073394,158.62346
388.200423,158.794858
388.327452,158.794858
388.454481,158.794858
388.58151,158.794858
388.708539,158.794858
388.835568,158.794858
388.962597,158.794858
389.089626,158.794858
389.216655,158.794858
389.343684,158.752009
389.470713,158.280664
389.597742,158.280664
389.724771,158.237815
389.8518,158.237815
389.978829,-1
390.105857,-1
390.232886,-1
390.359915,-1
390.486944,-1
390.613973,-1
390.741002,-1
390.868031,153.695769
390.99506,153.995715
391.122089,153.995715
391.249118,153.995715
391.376147,153.995715
391.503176,153.995715
391.630205,153.995715
391.757234,153.995715
391.884263,153.995715
392.011291,153.995715
392.13832,153.952866
392.265349,153.910016
392.392378,153.910016
392.519407,152.110337
392.646436,152.110337
392.773465,152.110337
392.900494,152.110337
393.027523,152.110337
393.154552,-1
393.281581,-1
393.40861,-1
393.535639,-1
393.662668,-1
393.789697,-1
393.916725,-1
394.043754,-1
394.170783,-1
394.297812,-1
394.424841,144.31173
394.55187,144.31173
394.678899,144.31173
394.805928,144.31173
394.932957,144.31173
395.059986,144.31173
395.187015,144.31173
395.314044,144.31173
395.441073,141.740761
395.568102,141.740761
395.695131,141.740761
395.822159,141.740761
395.949188,141.740761
396.076217,141.740761
396.203246,141.740761
396.330275,141.740761
396.457304,141.740761
396.584333,142.254954
396.711362,142.254954
396.838391,142.254954
396.96542,142.254954
397.092449,142.512051
397.219478,142.512051
397.346507,143.026245
397.473536,143.111944
397.600565,143.111944
397.727594,143.111944
397.854622,143.111944
397.981651,143.111944
398.10868,143.111944
398.235709,143.111944
398.362738,143.111944
398.489767,143.069095
398.616796,142.297804
398.743825,142.297804
398.870854,142.297804
398.997883,142.297804
399.124912,142.297804
399.251941,142.297804
399.37897,142.297804
399.505999,142.297804
399.633028,142.383503
399.760056,144.611676
399.887085,144.611676
400.014114,144.611676
400.141143,144.611676
400.268172,144.611676
400.395201,144.611676
400.52223,144.611676
400.649259,144.611676
400.776288,-1
400.903317,-1
401.030346,-1
401.157375,-1
401.284404,-1
401.411433,-1
401.538462,-1
401.66549,150.18211
401.792519,150.18211
401.919548,150.18211
402.046577,150.18211
402.173606,150.18211
402.300635,150.18211
402.427664,150.18211
402.554693,150.18211
402.681722,150.18211
402.808751,150.18211
402.93578,-1
403.062809,-1
403.189838,-1
403.316867,-1
403.443896,-1
403.570924,-1
403.697953,-1
403.824982,-1
403.952011,-1
404.07904,-1
404.206069,-1
404.333098,-1
404.460127,-1
404.587156,-1
404.714185,-1
404.841214,-1
404.968243,-1
405.095272,-1
405.222301,-1
405.34933,-1
405.476359,-1
405.603387,-1
405.730416,-1
405.857445,-1
405.984474,-1
406.111503,-1
406.238532,-1
406.365561,-1
406.49259,-1
406.873677,147.568291
407.000706,147.568291
407.127735,147.568291
407.254764,147.568291
407.381793,147.568291
407.508821,147.568291
407.63585,147.568291
407.762879,147.568291
407.889908,-1
408.016937,-1
408.779111,-1
408.90614,-1
409.033169,-1
409.160198,-1
409.287227,-1
409.414255,146.711302
409.541284,146.711302
409.668313,146.711302
409.795342,146.711302
409.922371,146.711302
410.0494,146.711302
410.176429,146.711302
410.303458,146.668452
410.430487,-1
410.557516,-1
410.684545,-1
410.811574,-1
410.938603,-1
411.065632,-1
411.192661,-1
411.319689,-1
411.446718,-1
411.573747,-1
411.700776,-1
411.827805,152.495983
411.954834,152.495983
412.081863,152.495983
412.208892,152.495983
412.335921,153.438672
412.46295,153.438672
412.589979,153.438672
412.717008,153.438672
412.844037,153.438672
412.971066,153.438672
413.098095,153.438672
413.225124,153.438672
413.352152,-1
413.479181,-1
413.60621,-1
413.733239,-1
413.860268,-1
413.987297,-1
414.114326,153.395822
414.241355,153.395822
414.368384,153.395822
414.495413,155.2812
414.622442,155.2812
414.749471,155.2812
414.8765,155.2812
415.003529,155.2812
415.130558,155.2812
415.257586,155.2812
415.384615,155.2812
415.511644,-1
415.638673,-1
415.765702,-1
415.892731,-1
416.01976,-1
416.146789,-1
416.273818,-1
416.400847,-1
416.527876,-1
416.654905,-1
416.781934,159.266202
416.908963,159.266202
417.035992,159.266202
417.16302,159.266202
417.290049,159.608998
417.417078,159.608998
417.544107,159.780396
417.671136,159.780396
417.798165,159.780396
417.925194,159.780396
418.052223,159.780396
418.179252,159.780396
418.306281,159.780396
418.43331,159.780396
418.560339,159.780396
418.687368,159.780396
418.814397,159.780396
418.941426,159.780396
419.068454,159.780396
419.195483,159.780396
419.322512,-1
419.449541,-1
419.57657,159.823246
419.703599,159.951794
419.830628,159.951794
419.957657,159.994644
420.084686,159.994644
420.211715,159.994644
420.338744,162.479914
420.465773,162.479914
420.592802,162.479914
420.719831,162.479914
420.84686,162.479914
420.973888,162.479914
421.100917,162.479914
421.227946,162.479914
421.354975,162.479914
421.482004,162.479914
421.609033,162.479914
421.736062,162.479914
421.863091,159.994644
421.99012,159.994644
422.117149,159.994644
422.244178,159.994644
422.371207,159.994644
422.498236,159.994644
422.625265,159.994644
422.752294,159.994644
422.879323,159.994644
423.006351,159.994644
423.13338,159.994644
423.260409,159.994644
423.387438,159.994644
423.514467,159.994644
423.641496,159.994644
423.768525,-1
424.276641,-1
424.40367,162.994108
424.530699,162.994108
424.657728,162.994108
424.784757,162.994108
424.911785,162.994108
425.038814,162.994108
425.165843,162.994108
425.292872,162.994108
425.419901,162.994108
425.54693,162.994108
425.673959,162.994108
425.800988,162.994108
425.928017,162.82271
426.055046,162.82271
426.182075,162.82271
426.309104,162.82271
426.436133,162.86556
426.563162,162.908409
426.690191,163.251205
426.817219,163.251205
426.944248,163.251205
427.071277,163.251205
427.198306,163.251205
427.325335,163.251205
427.452364,163.251205
427.579393,163.208356
427.706422,163.465453
427.833451,164.322442
427.96048,164.322442
428.087509,164.322442
428.214538,164.322442
428.341567,165.093733
428.468596,165.093733
428.595625,165.093733
428.722653,192.517408
428.849682,192.517408
428.976711,192.688806
429.10374,192.688806
429.230769,192.774505
429.357798,192.774505
429.484827,192.860204
429.611856,192.860204
429.738885,192.860204
429.865914,192.860204
429.992943,192.860204
430.119972,192.860204
430.247001,192.860204
430.37403,192.860204
430.501059,192.860204
430.628088,192.860204
430.755116,192.860204
430.882145,192.860204
431.009174,192.903053
431.136203,192.945903
431.263232,192.988752
431.390261,193.031601
431.51729,193.031601
431.644319,193.031601
431.771348,193.031601
431.898377,193.202999
432.025406,193.202999
432.152435,193.288698
432.279464,193.288698
432.406493,193.288698
432.533522,193.288698
432.66055,193.288698
432.787579,193.288698
432.914608,193.288698
433.041637,193.288698
433.168666,193.288698
433.295695,193.288698
433.422724,193.245849
433.549753,193.245849
433.676782,193.16015
433.803811,193.16015
433.93084,193.074451
434.057869,193.074451
434.184898,192.988752
434.311927,192.988752
434.438956,192.903053
434.565984,192.903053
434.693013,192.817354
434.820042,192.774505
434.947071,192.731655
435.0741,192.517408
435.201129,192.474558
435.328158,162.479914
435.455187,162.479914
435.582216,162.479914
435.709245,162.479914
435.836274,162.222817
435.963303,162.222817
436.090332,-1
436.217361,-1
436.34439,-1
436.471418,-1
436.598447,-1
436.725476,-1
436.852505,-1
436.979534,-1
437.106563,-1
437.233592,-1
437.48765,159.994644
437.614679,159.994644
437.741708,159.994644
437.868737,159.994644
437.995766,159.994644
438.122795,159.994644
438.249824,159.994644
438.376853,159.994644
438.503881,159.994644
438.63091,159.994644
438.757939,159.994644
438.884968,159.994644
439.011997,159.823246
439.139026,159.823246
439.266055,-1
439.393084,159.223353
439.520113,159.223353
439.647142,159.223353
439.774171,-1
439.9012,-1
440.028229,-1
440.155258,-1
440.282287,-1
440.409315,-1
440.536344,-1
440.663373,158.452062
440.790402,158.452062
440.917431,158.452062
441.04446,158.452062
441.171489,158.452062
441.298518,158.452062
441.425547,158.452062
441.552576,158.452062
441.679605,158.452062
441.806634,158.452062
441.933663,158.452062
442.060692,158.452062
442.187721,158.452062
443.203952,162.437065
443.330981,162.437065
443.45801,162.437065
443.585039,162.437065
443.712068,162.437065
443.839097,162.437065
443.966126,162.437065
444.093155,162.265667
444.220183,162.265667
444.347212,162.265667
444.474241,162.351366
444.60127,162.779861
444.728299,162.779861
444.855328,162.779861
444.982357,162.779861
445.109386,162.779861
445.236415,162.779861
445.363444,162.779861
445.490473,162.779861
445.617502,162.779861
445.744531,162.779861
445.87156,162.779861
445.998589,162.779861
446.125618,162.779861
446.252646,162.779861
446.379675,162.779861
446.506704,162.779861
446.633733,162.265667
447.01482,165.522228
447.141849,165.522228
447.268878,165.522228
447.395907,165.522228
447.522936,165.522228
447.649965,165.522228
447.776994,165.522228
447.904023,165.522228
448.031052,165.522228
448.15808,165.522228
448.285109,165.522228
448.412138,165.522228
448.539167,165.522228
448.666196,165.522228
448.793225,165.522228
448.920254,165.522228
449.047283,165.522228
449.174312,165.522228
449.301341,165.522228
449.42837,165.522228
449.555399,165.522228
449.682428,167.579004
449.809457,167.579004
449.936486,167.579004
450.063514,167.579004
450.190543,167.579004
450.317572,167.579004
450.444601,167.579004
450.57163,167.579004
450.698659,167.493305
450.825688,167.493305
450.952717,167.236208
451.079746,167.236208
451.206775,167.236208
451.333804,167.236208
451.460833,167.236208
451.587862,167.236208
452.477064,163.979646
452.604093,163.979646
452.731122,163.979646
452.858151,163.979646
452.98518,163.979646
453.112209,163.979646
453.239238,163.979646
453.366267,163.6797
453.493296,163.6797
453.620325,163.6797
453.747354,163.6797
453.874382,163.636851
454.001411,162.308516
454.12844,162.308516
454.255469,162.308516
454.382498,162.308516
454.509527,162.308516
454.636556,162.308516
454.763585,161.96572
